generation,coin_parity,actual_mobility,potential_mobility,corners_captured,future_corners_captured,static_weights
0,0.2641180638902112,0.1301533231141264,0.29035796680116094,0.04536407378060961,0.2225821123058291,0.04742446010806264
0,0.19470574579471234,0.1744725261281033,0.05169485016379312,0.20261255754665786,0.1937676706321739,0.1827466497345596
1,0.19470574579471228,0.17447252612810327,0.051694850163793105,0.2026125575466578,0.19376767063217384,0.18274664973455956
1,0.19470574579471228,0.17447252612810327,0.051694850163793105,0.2026125575466578,0.19376767063217384,0.18274664973455956
2,0.19470574579471234,0.1744725261281033,0.05169485016379312,0.20261255754665786,0.1937676706321739,0.1827466497345596
2,0.19470574579471234,0.1744725261281033,0.05169485016379312,0.20261255754665786,0.1937676706321739,0.1827466497345596
